{
    "\u65e5\u671f": [
        "2021.1.1",
        "2021.2.1",
        "2021.3.1",
        "2021.4.1",
        "2021.5.1",
        "2021.6.1",
        "2021.7.1",
        "2021.8.1",
        "2021.9.1",
        "2021.10.1",
        "2021.11.1",
        "2021.12.1",
        "2022.1.1",
        "2022.2.1",
        "2022.3.1"
    ],
    "\u603b\u91d1\u989d": [
        10000,
        20000,
        31000,
        41000,
        51000,
        61000,
        71000,
        81000,
        93000,
        103000,
        114000,
        124000,
        134000,
        144000,
        154000
    ],
    "\u603b\u5e02\u503c": [
        100.00000000380001,
        200.00000000760002,
        313.92156866720006,
        407.88461542740004,
        507.8846154312,
        607.884615435,
        707.8846154388,
        835.6447964348,
        924.1110305076,
        1024.1110305114,
        1124.1110305152,
        1312.276601537,
        1436.1361761152002,
        1536.13617612,
        1677.2826808384998
    ]
}